shap_lag_3yr,shap_lag_2yr,shap_lag_1yr
41.444157,0.0,0.0
38.5914,0.0,0.0
35.604042,0.0,0.0
31.612541,0.0,0.0
28.629057,0.0,0.0
23.631647,0.0,0.0
19.63325,0.0,0.0
15.630347,0.0,0.0
10.636204,0.0,0.0
5.6365495,0.0,0.0
0.6355182,0.0,0.0
-2.362829,0.0,0.0
-7.3612456,0.0,0.0
-11.362297,0.0,0.0
-15.360585,0.0,0.0
-19.358877,0.0,0.0
-23.359264,0.0,0.0
-27.35375,0.0,0.0
-31.342531,0.0,0.0
-34.334545,0.0,0.0
-38.321148,0.0,0.0
-41.16766,0.0,0.0
